City_ID,City,Country,Lat,Lng,Max Temp,Humidity,Cloudiness,Wind Speed,Weather Description
0,Vardo,NO,70.3705,31.1107,53.58,94,100,2.3,moderate rain
1,Inhambane,MZ,-23.865,35.3833,66.76,67,0,6.76,clear sky
2,Mataura,NZ,-46.1927,168.8643,37.47,99,100,2.8,light rain
3,Kavieng,PG,-2.5744,150.7967,81.32,79,100,14.76,light rain
4,Nishihara,JP,26.1842,127.7558,82.45,91,40,9.22,scattered clouds
5,Cherskiy,RU,68.75,161.3,47.52,55,100,1.03,overcast clouds
6,Bethel,US,41.3712,-73.414,87.89,55,75,3.44,broken clouds
7,Dikson,RU,73.5069,80.5464,41.13,79,18,10.45,few clouds
8,Buala,SB,-8.145,159.5921,79.77,76,100,3.83,overcast clouds
9,Leh,IN,34.1667,77.5833,58.14,67,99,6.29,overcast clouds
10,Tarko-Sale,RU,64.9225,77.785,54.14,63,17,6.44,few clouds
11,Grindavik,IS,63.8424,-22.4338,51.75,76,75,6.91,broken clouds
12,Floro,NO,61.5996,5.0328,53.67,71,40,9.22,scattered clouds
13,Thanh Hoa,VN,19.8,105.7667,77.5,92,100,2.95,heavy intensity rain
14,Bulnes,CL,-36.7423,-72.2985,45.36,95,100,6.82,light rain
15,East London,ZA,-33.0153,27.9116,59.86,69,3,12.8,clear sky
16,Solnechnyy,RU,50.7214,136.6319,65.93,97,78,4.52,broken clouds
17,Kodiak,US,57.79,-152.4072,58.51,77,100,3.44,overcast clouds
18,Hobart,AU,-42.8794,147.3294,44.06,95,75,4.61,broken clouds
19,Avarua,CK,-21.2078,-159.775,75.25,64,75,12.66,broken clouds
20,Qaanaaq,GL,77.484,-69.3632,45.9,81,25,7.34,scattered clouds
21,Cape Town,ZA,-33.9258,18.4232,59.38,86,10,4.61,mist
22,Haines Junction,CA,60.7522,-137.5108,51.75,71,97,3.44,overcast clouds
23,Port Alfred,ZA,-33.5906,26.891,57.52,82,18,13.98,few clouds
24,Saint Anthony,US,45.0205,-93.218,86.31,57,0,11.5,clear sky
25,Hilo,US,19.7297,-155.09,86.29,76,75,6.91,broken clouds
26,Butaritari,KI,3.0707,172.7902,81.9,80,36,17.56,light rain
27,Jamestown,US,42.097,-79.2353,78.53,48,0,6.91,clear sky
28,Albany,US,42.6001,-73.9662,83.05,47,69,9.33,broken clouds
29,Punta Arenas,CL,-53.15,-70.9167,35.62,93,75,2.3,broken clouds
30,Bac Lieu,VN,9.285,105.7244,78.24,86,100,11.43,overcast clouds
31,Yaan,NG,7.3833,8.5667,72.79,93,19,4.79,light rain
32,Ust-Tsilma,RU,65.441,52.1498,67.42,81,100,3.18,overcast clouds
33,Lorengau,PG,-2.0226,147.2712,80.42,78,100,4.12,overcast clouds
34,Bonavista,CA,48.6499,-53.1147,55.15,75,90,12.19,overcast clouds
35,Ushuaia,AR,-54.8,-68.3,33.42,80,0,2.3,clear sky
36,Richards Bay,ZA,-28.783,32.0377,64.08,72,15,6.4,few clouds
37,Rikitea,PF,-23.1203,-134.9692,67.77,77,100,8.39,light rain
38,Bengkulu,ID,-3.8004,102.2655,76.48,89,100,3.98,light rain
39,Busselton,AU,-33.65,115.3333,59.05,76,77,13.8,broken clouds
40,Paamiut,GL,61.994,-49.6678,42.35,96,100,3.71,light rain
41,Atuona,PF,-9.8,-139.0333,77.81,68,9,15.19,clear sky
42,Geraldton,AU,-28.7667,114.6,54.01,87,40,5.75,scattered clouds
43,Hermanus,ZA,-34.4187,19.2345,50.81,83,12,4.0,few clouds
44,Faanui,PF,-16.4833,-151.75,77.83,63,100,23.58,overcast clouds
45,Mar Del Plata,AR,-38.0023,-57.5575,54.09,96,100,13.0,drizzle
46,Mana,GF,5.6592,-53.7767,79.03,89,59,6.44,light rain
47,Thinadhoo,MV,0.5333,72.9333,82.71,76,73,12.15,broken clouds
48,Cabedelo,BR,-6.9811,-34.8339,79.47,79,7,14.85,clear sky
49,Luderitz,NA,-26.6481,15.1594,64.74,41,0,8.21,clear sky
50,Tarbagatay,RU,51.4803,107.3602,58.53,92,100,2.98,overcast clouds
51,Tiksi,RU,71.6872,128.8694,52.5,81,100,8.95,overcast clouds
52,Sitka,US,57.0531,-135.33,62.49,55,75,12.66,broken clouds
53,Port Lincoln,AU,-34.7333,135.8667,49.24,66,58,12.75,broken clouds
54,Matara,LK,5.9485,80.5353,75.45,93,71,9.28,broken clouds
55,Tombouctou,ML,20.0,-3.0,100.47,16,9,10.29,clear sky
56,Maltahohe,NA,-24.8333,16.9833,55.81,26,0,9.84,clear sky
57,Zabid,YE,14.1951,43.3152,90.03,52,100,10.04,overcast clouds
58,Rawlins,US,41.7911,-107.2387,87.69,20,40,4.61,scattered clouds
59,Maragogi,BR,-9.0122,-35.2225,74.44,82,6,8.46,clear sky
60,Victoria,HK,22.2855,114.1577,85.32,83,84,5.01,broken clouds
61,Manokwari,ID,-0.8667,134.0833,77.52,82,90,3.6,overcast clouds
62,Vaini,TO,-21.2,-175.2,77.16,94,20,6.91,few clouds
63,Saint-Philippe,RE,-21.3585,55.7679,66.22,82,76,9.17,light rain
64,Dire Dawa,ET,9.5931,41.8661,73.49,65,100,10.94,light rain
65,Coahuayana,MX,18.7333,-103.6833,89.96,63,47,7.52,scattered clouds
66,Bambous Virieux,MU,-20.3428,57.7575,70.21,88,75,11.5,broken clouds
67,Kapaa,US,22.0752,-159.319,82.72,77,75,16.11,broken clouds
68,Bandarbeyla,SO,9.4942,50.8122,78.1,81,99,31.63,overcast clouds
69,Touros,BR,-5.1989,-35.4608,77.23,77,14,15.08,few clouds
70,Dargaville,NZ,-35.9333,173.8833,54.72,82,100,6.76,overcast clouds
71,Puerto Del Rosario,ES,28.5004,-13.8627,74.95,69,20,17.27,few clouds
72,Tilichiki,RU,60.4667,166.1,62.42,70,15,15.66,few clouds
73,Xai-Xai,MZ,-25.0519,33.6442,64.42,79,0,4.76,clear sky
74,Pevek,RU,69.7008,170.3133,34.09,84,5,12.86,clear sky
75,Saravan,AM,39.7196,45.6483,61.63,64,0,9.44,clear sky
76,Clyde River,CA,70.4692,-68.5914,48.43,71,0,6.91,clear sky
77,Upata,VE,8.0086,-62.3989,78.67,81,53,4.23,broken clouds
78,Teruel,ES,40.6667,-0.6667,71.24,32,0,4.41,clear sky
79,Nikolskoye,RU,59.7035,30.7861,59.81,96,99,3.69,overcast clouds
80,Majenang,ID,-7.2975,108.7642,74.71,99,99,1.68,overcast clouds
81,Tripoli,LY,32.8752,13.1875,78.91,65,0,13.67,clear sky
82,Denpasar,ID,-8.65,115.2167,78.46,88,40,11.5,scattered clouds
83,Barentu,ER,15.1139,37.5928,71.31,80,100,7.47,overcast clouds
84,Gwadar,PK,25.1216,62.3254,84.2,84,97,6.4,overcast clouds
85,Antibes,FR,43.5624,7.1278,80.98,69,0,4.61,clear sky
86,Bilibino,RU,68.0546,166.4372,52.97,52,16,2.64,few clouds
87,Opuwo,NA,-18.0607,13.84,61.02,32,0,8.37,clear sky
88,Ngorongoro,TZ,-3.2397,35.4875,48.07,93,12,5.99,few clouds
89,Tuatapere,NZ,-46.1333,167.6833,41.18,95,100,5.79,light rain
90,Stepnyak,KZ,52.8339,70.7803,66.74,68,3,4.81,clear sky
91,Ovalle,CL,-30.5983,-71.2003,49.69,94,100,3.18,moderate rain
92,Navolato,MX,24.7672,-107.6944,97.12,58,61,15.17,broken clouds
93,Thompson,CA,55.7435,-97.8558,71.76,83,75,2.3,broken clouds
94,Wanning,CN,18.8003,110.3967,81.19,90,99,9.46,overcast clouds
95,Husavik,IS,66.0449,-17.3389,48.67,79,27,3.83,scattered clouds
96,Cascais,PT,38.6979,-9.4215,79.95,56,0,8.05,clear sky
97,Viedma,AR,-40.8135,-62.9967,48.24,83,100,17.65,moderate rain
98,Santa Cruz De Tenerife,ES,28.4682,-16.2546,79.59,88,75,21.85,broken clouds
99,Yellowknife,CA,62.456,-114.3525,68.56,48,75,13.8,light intensity shower rain
100,Broome,US,42.2506,-75.833,78.33,55,100,9.22,overcast clouds
101,Chuy,UY,-33.6971,-53.4616,55.63,97,72,10.42,moderate rain
102,Itoman,JP,26.1247,127.6694,83.17,92,40,5.75,scattered clouds
103,Emerald,AU,-23.5333,148.1667,40.33,71,0,10.74,clear sky
104,Evensk,RU,61.95,159.2333,70.45,51,19,11.65,few clouds
105,Labuhan,ID,-6.8844,112.2051,76.37,90,56,7.63,light rain
106,Hithadhoo,MV,-0.6,73.0833,83.25,75,100,14.05,overcast clouds
107,Iqaluit,CA,63.7506,-68.5145,49.73,76,75,8.05,broken clouds
108,Seoul,KR,37.5683,126.9778,72.79,97,40,3.44,scattered clouds
109,Qui Nhon,VN,13.7667,109.2333,78.94,86,100,5.21,overcast clouds
110,Kudahuvadhoo,MV,2.6708,72.8944,83.03,75,23,12.75,few clouds
111,Namibe,AO,-15.1961,12.1522,65.79,84,84,1.77,broken clouds
112,Siguiri,GN,11.6667,-9.5,77.83,81,91,6.04,moderate rain
113,Sao Paulo De Olivenca,BR,-3.3783,-68.8725,78.93,89,89,1.97,overcast clouds
114,Westport,US,41.1415,-73.3579,89.15,60,20,8.05,few clouds
115,Nicoya,CR,10.1483,-85.452,82.2,79,70,3.78,broken clouds
116,Hambantota,LK,6.1241,81.1185,79.02,78,76,17.45,broken clouds
117,Kruisfontein,ZA,-34.0033,24.7314,52.59,89,41,5.86,scattered clouds
118,Mulege,MX,26.8833,-111.9833,95.2,46,6,13.35,clear sky
119,Castro,BR,-24.7911,-50.0119,61.97,72,51,3.94,broken clouds
120,Kallithea,GR,37.95,23.7,81.46,40,0,12.66,clear sky
121,Bluff,NZ,-46.6,168.3333,37.8,83,100,15.9,light rain
122,Ucluelet,CA,48.9329,-125.5528,64.09,79,87,1.01,overcast clouds
123,Arraial Do Cabo,BR,-22.9661,-42.0278,73.36,83,0,13.8,clear sky
124,Kikwit,CD,-5.041,18.8162,77.32,31,20,2.04,few clouds
125,Santo Antonio Do Ica,BR,-3.1022,-67.9397,79.21,92,42,1.57,scattered clouds
126,Tuktoyaktuk,CA,69.4541,-133.0374,39.2,87,100,20.71,overcast clouds
127,Bredasdorp,ZA,-34.5322,20.0403,51.64,84,33,2.8,scattered clouds
128,Foz,ES,43.5692,-7.2544,69.75,94,100,2.64,light rain
129,Mount Gambier,AU,-37.8333,140.7667,43.95,98,74,6.24,broken clouds
130,Mutoko,ZW,-17.397,32.2268,56.55,47,57,3.69,broken clouds
131,Mahebourg,MU,-20.4081,57.7,70.25,88,75,11.5,broken clouds
132,Puerto Ayora,EC,-0.7393,-90.3518,76.96,90,69,8.01,broken clouds
133,Bell Ville,AR,-32.6259,-62.6887,64.8,53,0,6.17,clear sky
134,Darhan,MN,49.4867,105.9228,55.08,92,50,2.24,scattered clouds
135,Aklavik,CA,68.2191,-135.0107,44.6,70,100,13.8,light rain
136,Saint George,US,37.1041,-113.5841,104.63,19,0,6.91,clear sky
137,Agrado,CO,2.2573,-75.7714,82.04,55,96,2.33,overcast clouds
138,Los Llanos De Aridane,ES,28.6585,-17.9182,67.75,88,0,16.11,clear sky
139,New Norfolk,AU,-42.7826,147.0587,43.72,90,90,2.06,overcast clouds
140,Airai,TL,-8.9266,125.4092,53.85,88,22,3.96,few clouds
141,San Jeronimo,PE,-11.9472,-75.2829,65.68,33,19,3.02,few clouds
142,Mayo,US,38.8876,-76.5119,91.94,50,0,9.22,clear sky
143,Naze,JP,28.3667,129.4833,79.72,90,94,9.33,overcast clouds
144,Mozarlandia,BR,-14.7447,-50.5706,84.15,29,66,3.49,broken clouds
145,Upernavik,GL,72.7868,-56.1549,39.94,88,14,13.91,few clouds
146,Cockburn Town,TC,21.4612,-71.1419,84.16,65,40,13.8,scattered clouds
147,Piedra Gorda,PR,18.4341,-66.8877,83.52,77,61,8.01,broken clouds
148,Xinzhi,CN,36.4989,111.7047,77.18,61,82,4.09,broken clouds
149,Alice Springs,AU,-23.7,133.8833,27.95,80,0,2.3,clear sky
150,Port Elizabeth,ZA,-33.918,25.5701,57.49,80,0,13.8,clear sky
151,Neyshabur,IR,36.2133,58.7958,77.13,22,0,4.56,clear sky
152,Hurghada,EG,27.2574,33.8129,86.04,32,0,13.8,clear sky
153,Kaitangata,NZ,-46.2817,169.8464,39.13,96,100,7.25,overcast clouds
154,Tabou,CI,4.423,-7.3528,75.61,80,91,8.66,overcast clouds
155,Manuk Mangkaw,PH,4.8,119.85,80.56,80,100,14.83,overcast clouds
156,Isangel,VU,-19.55,169.2667,75.31,94,100,1.14,overcast clouds
157,Alikalia,SL,9.1667,-11.4,70.39,99,97,3.67,moderate rain
158,Rudbar,AF,30.15,62.6,86.94,15,0,4.34,clear sky
159,Cabo San Lucas,MX,22.8909,-109.9124,92.61,64,14,9.19,few clouds
160,Sijunjung,ID,-0.6876,100.9537,72.25,99,100,3.27,overcast clouds
161,Oranjemund,NA,-28.55,16.4333,56.43,78,0,9.66,clear sky
162,Letka,RU,59.6011,49.4232,61.16,98,87,4.54,overcast clouds
163,Saint-Georges,GD,12.0564,-61.7485,85.68,70,40,11.5,scattered clouds
164,Srednekolymsk,RU,67.45,153.6833,55.81,37,62,10.6,broken clouds
165,Lavrentiya,RU,65.5833,-171.0,49.66,71,100,10.29,overcast clouds
166,Hamilton,US,39.1834,-84.5333,86.94,45,40,10.36,scattered clouds
167,Soubre,CI,5.7856,-6.6083,71.76,98,100,4.38,overcast clouds
168,Marsh Harbour,BS,26.5412,-77.0636,83.64,62,7,11.9,clear sky
169,Baherden,TM,38.4362,57.4316,85.66,19,0,1.86,clear sky
170,Ewa Beach,US,21.3156,-158.0072,80.55,79,40,10.36,scattered clouds
171,Leningradskiy,RU,69.3833,178.4167,36.59,74,8,10.56,clear sky
172,Tazovskiy,RU,67.4667,78.7,49.15,72,11,5.64,few clouds
173,Nsukka,NG,6.8561,7.3927,69.08,97,85,3.94,light rain
174,Faya,SA,18.3851,42.4509,69.91,52,99,4.7,overcast clouds
175,Beruwala,LK,6.4788,79.9828,77.31,88,91,7.7,overcast clouds
176,Carnarvon,AU,-24.8667,113.6333,66.54,82,37,11.25,scattered clouds
177,Hamburg,DE,53.55,10.0,59.29,73,0,10.36,clear sky
178,Kozhva,RU,65.1073,57.0459,66.96,88,100,4.72,light rain
179,Khatanga,RU,71.9667,102.5,44.1,86,100,2.98,overcast clouds
180,Eregli,TR,37.5133,34.0467,68.7,40,0,5.46,clear sky
181,Yerbogachen,RU,61.2767,108.0108,51.6,97,100,3.13,overcast clouds
182,Concordia,AR,-31.393,-58.0209,65.79,90,100,1.99,overcast clouds
183,Samarai,PG,-10.6167,150.6667,76.26,71,100,20.22,overcast clouds
184,Torbay,CA,47.6666,-52.7314,63.88,76,40,13.8,scattered clouds
185,High Prairie,CA,55.4334,-116.4858,71.1,44,90,10.85,overcast clouds
186,Caapucu,PY,-26.2167,-57.2,76.26,60,65,7.31,broken clouds
187,Limulunga,ZM,-15.0969,23.1376,57.9,47,19,4.92,few clouds
188,Lebu,CL,-37.6167,-73.65,44.46,83,100,7.7,moderate rain
189,Botwood,CA,49.1499,-55.3482,76.89,41,64,2.24,broken clouds
190,Poronaysk,RU,49.2167,143.1167,56.07,92,99,3.87,overcast clouds
191,Shache,CN,38.4167,77.2406,72.52,33,100,5.61,overcast clouds
192,Klaksvik,FO,62.2266,-6.589,50.92,82,85,12.39,overcast clouds
193,Havoysund,NO,70.9963,24.6622,53.83,99,100,10.96,light rain
194,Rio Grande,BR,-32.035,-52.0986,57.31,98,100,13.49,moderate rain
195,Tasiilaq,GL,65.6145,-37.6368,50.16,70,100,6.04,overcast clouds
196,Barrow,US,71.2906,-156.7887,33.82,80,100,11.5,overcast clouds
197,Fort Nelson,CA,58.8053,-122.7002,71.19,37,75,8.05,broken clouds
198,Santa Vitoria Do Palmar,BR,-33.5189,-53.3681,57.09,95,74,9.66,light rain
199,Kavaratti,IN,10.5669,72.642,82.2,77,79,22.37,broken clouds
200,Ilulissat,GL,69.2167,-51.1,55.42,44,20,5.75,few clouds
201,Zeya,RU,53.75,127.2667,65.89,83,90,3.42,overcast clouds
202,Lagoa,PT,39.05,-27.9833,69.67,90,25,15.84,scattered clouds
203,Yeppoon,AU,-23.1333,150.7333,46.18,71,0,5.93,clear sky
204,Esperance,AU,-33.8667,121.9,57.65,83,9,20.22,clear sky
205,Aguimes,ES,27.9054,-15.4461,70.66,73,20,31.07,few clouds
206,Georgetown,MY,5.4112,100.3354,80.53,92,20,0.0,few clouds
207,Aleksandrov Gay,RU,50.147,48.5704,72.7,63,33,14.7,scattered clouds
208,Marsala,IT,37.7966,12.4352,76.95,57,0,5.75,clear sky
209,Kahului,US,20.8947,-156.47,82.42,73,20,23.02,few clouds
210,Kargasok,RU,59.0556,80.8572,49.32,91,70,3.56,broken clouds
211,Bayonet Point,US,28.3267,-82.6834,92.3,74,100,3.0,overcast clouds
212,Port Hardy,CA,50.6996,-127.4199,59.18,88,100,3.44,light rain
213,Constitucion,CL,-35.3333,-72.4167,48.45,84,90,11.86,overcast clouds
214,Lumberton,US,34.6182,-79.0086,88.45,50,100,10.13,overcast clouds
215,Abu Dhabi,AE,24.4667,54.3667,95.11,67,0,3.44,clear sky
216,Roald,NO,62.5833,6.1333,54.16,76,40,9.22,scattered clouds
217,Bambanglipuro,ID,-7.95,110.2833,75.4,92,46,6.91,scattered clouds
218,Keti Bandar,PK,24.1447,67.4497,85.44,78,98,2.98,overcast clouds
219,Mehamn,NO,71.0357,27.8492,55.35,94,75,6.91,moderate rain
220,Sandanski,BG,41.5667,23.2833,69.01,47,0,3.87,clear sky
221,Loja,EC,-3.9931,-79.2042,67.21,67,63,2.04,light rain
222,Popondetta,PG,-8.7537,148.2534,71.67,95,89,2.26,overcast clouds
223,Launceston,AU,-41.45,147.1667,46.04,97,100,6.91,overcast clouds
224,Xapuri,BR,-10.6517,-68.5044,90.61,42,95,6.17,moderate rain
225,San Isidro,PE,-12.1167,-77.05,62.19,72,75,12.66,broken clouds
226,Boda,CF,4.3189,17.4695,70.9,94,100,3.71,light rain
227,Tautira,PF,-17.7333,-149.15,75.43,67,80,22.86,broken clouds
228,Chalmette,US,29.9427,-89.9634,91.45,66,100,6.91,overcast clouds
229,Kisangani,CD,0.5167,25.2,69.67,94,80,2.37,broken clouds
230,Saint-Pierre,RE,-21.3393,55.4781,67.91,83,20,2.3,few clouds
231,Kenora,CA,49.8167,-94.4337,76.17,50,100,8.05,overcast clouds
232,Yebaishou,CN,41.3975,119.6408,66.4,55,2,4.99,clear sky
233,Ostrovnoy,RU,68.0531,39.5131,59.29,90,100,11.86,overcast clouds
234,Tabora,TZ,-5.0167,32.8,67.53,44,13,6.58,few clouds
235,Lubango,AO,-14.9172,13.4925,57.13,37,2,4.54,clear sky
236,San Carlos De Bariloche,AR,-41.1456,-71.3082,36.25,69,75,11.5,broken clouds
237,Warrensburg,US,38.7628,-93.7361,96.57,32,0,11.5,clear sky
238,Te Anau,NZ,-45.4167,167.7167,34.36,95,86,0.18,light snow
239,Alyangula,AU,-13.8483,136.4192,67.86,64,14,14.2,few clouds
240,Menongue,AO,-14.6585,17.691,53.26,49,0,5.23,clear sky
241,Gillette,US,44.2911,-105.5022,94.1,23,0,8.05,clear sky
242,Longyearbyen,SJ,78.2186,15.6401,57.04,67,40,18.41,scattered clouds
243,Biak,ID,-0.9131,122.8766,73.04,93,100,3.69,overcast clouds
244,Matelica,IT,43.2541,13.0106,80.65,34,7,6.2,clear sky
245,Ilabaya,PE,-17.4208,-70.5133,68.99,28,18,6.62,few clouds
246,Saskylakh,RU,71.9167,114.0833,41.86,84,100,5.61,overcast clouds
247,Zhuanghe,CN,39.7008,122.9911,69.26,79,1,4.68,clear sky
248,Shingu,JP,33.7333,135.9833,74.44,95,92,1.61,overcast clouds
249,Narsaq,GL,60.9167,-46.05,61.02,60,100,6.78,overcast clouds
250,Ayan,RU,56.45,138.1667,60.24,95,100,3.2,overcast clouds
251,Talnakh,RU,69.4865,88.3972,49.21,72,99,2.13,overcast clouds
252,Ullapool,GB,57.8987,-5.1604,55.35,92,87,6.73,overcast clouds
253,Mizdah,LY,31.4451,12.9801,74.86,51,0,16.82,clear sky
254,Saint-Leu,RE,-21.15,55.2833,67.32,76,55,3.13,light rain
255,Sakakah,SA,29.9697,40.2064,90.97,15,0,13.35,clear sky
256,Udalguri,IN,26.7667,92.1333,82.72,70,1,1.79,clear sky
257,Chokurdakh,RU,70.6333,147.9167,54.72,58,88,7.14,overcast clouds
258,El Playon,CO,7.4713,-73.2031,88.07,81,34,1.79,scattered clouds
259,Flinders,AU,-34.5833,150.8552,47.17,77,0,7.0,clear sky
260,Provideniya,RU,64.3833,-173.3,55.51,62,0,13.42,clear sky
261,Ust-Nera,RU,64.5667,143.2,68.27,70,100,3.58,overcast clouds
262,Nanortalik,GL,60.1432,-45.2371,46.94,77,100,3.02,overcast clouds
263,Marugame,JP,34.2833,133.7833,77.54,95,100,1.41,light rain
264,Vanavara,RU,60.34,102.2797,48.25,94,40,1.19,scattered clouds
265,Karratha,AU,-20.7377,116.8463,61.88,54,39,9.51,light rain
266,Saint-Joseph,RE,-21.3667,55.6167,65.21,80,87,8.55,light rain
267,Nipawin,CA,53.3668,-104.0009,78.84,34,0,10.36,clear sky
268,Jiangyou,CN,31.7667,104.7167,76.96,90,96,4.07,overcast clouds
269,Meulaboh,ID,4.1363,96.1285,75.52,90,76,5.64,broken clouds
270,Chernyshevskiy,RU,63.0128,112.4714,56.59,88,100,2.93,light rain
271,Saint-Louis,SN,16.3333,-15.0,88.93,47,39,18.45,scattered clouds
272,Carutapera,BR,-1.195,-46.02,78.3,86,33,8.5,scattered clouds
273,Halifax,CA,44.6453,-63.5724,72.52,88,100,5.99,mist
274,Karachi,PK,24.9056,67.0822,85.82,74,100,5.75,overcast clouds
275,Batagay-Alyta,RU,67.8006,130.4114,65.95,60,77,1.1,broken clouds
276,Kangaatsiaq,GL,68.3065,-53.4641,39.69,94,14,16.11,few clouds
277,Kuybyshevo,RU,47.8123,38.9073,61.5,73,0,5.37,clear sky
278,Boguchany,RU,58.3814,97.4531,52.7,70,89,1.97,overcast clouds
279,Broken Hill,AU,-31.95,141.4333,40.06,79,0,5.79,clear sky
280,Kashi,CN,39.4547,75.9797,70.81,43,75,6.71,broken clouds
281,Kununurra,AU,-15.7667,128.7333,58.98,33,58,8.05,broken clouds
282,Port-Gentil,GA,-0.7193,8.7815,75.16,83,40,8.05,scattered clouds
283,College,US,64.8569,-147.8028,66.58,38,75,9.22,smoke
284,Colares,PT,38.7992,-9.4469,79.79,55,0,8.05,clear sky
285,Pak Phanang,TH,8.3511,100.202,77.85,83,92,9.08,overcast clouds
286,Berlevag,NO,70.8578,29.0864,60.6,100,75,12.66,light rain
287,Hellvik,NO,59.9156,5.781,53.01,80,60,8.21,broken clouds
288,Moissala,TD,8.3404,17.7663,71.91,95,100,2.17,moderate rain
289,Ponta Do Sol,PT,32.6667,-17.1,74.01,74,28,6.87,scattered clouds
290,Baykit,RU,61.67,96.37,50.31,91,100,1.48,overcast clouds
291,Oranjestad,AW,12.524,-70.027,85.95,70,40,14.97,scattered clouds
292,Tungor,RU,53.3808,142.9564,57.04,86,100,13.51,overcast clouds
293,Ushumun,RU,52.7833,126.5333,65.59,86,99,4.65,overcast clouds
294,Zholymbet,KZ,51.7433,71.7122,68.34,53,36,4.99,scattered clouds
295,Manoel Urbano,BR,-8.8389,-69.2597,83.14,66,100,2.44,overcast clouds
296,Sao Filipe,CV,14.8961,-24.4956,75.36,76,8,11.88,clear sky
297,Srandakan,ID,-7.9386,110.2506,75.56,91,45,7.0,scattered clouds
298,Hofn,IS,64.2539,-15.2082,47.7,88,68,5.28,broken clouds
299,Kamaishi,JP,39.2667,141.8833,69.44,95,100,4.09,light rain
300,Tsumeb,NA,-19.2333,17.7167,59.32,30,0,9.98,clear sky
301,Plettenberg Bay,ZA,-34.0527,23.3716,56.7,82,96,4.21,overcast clouds
302,Trimbak,IN,19.9333,73.55,69.4,98,100,14.03,moderate rain
303,Price,US,39.5994,-110.8107,90.66,19,0,5.75,clear sky
304,Jizan,SA,17.3333,42.6667,90.54,56,93,6.87,overcast clouds
305,Nome,US,64.5011,-165.4064,60.17,87,20,8.05,few clouds
306,Guerrero Negro,MX,27.9769,-114.0611,75.54,58,4,16.33,clear sky
307,Lethem,GY,3.3803,-59.7968,82.06,79,86,2.13,heavy intensity rain
308,Saldanha,ZA,-33.0117,17.9442,50.05,86,0,10.8,clear sky
309,Olafsvik,IS,64.8945,-23.7142,50.67,73,84,2.01,broken clouds
310,Tayshet,RU,55.9342,98.0044,47.8,87,100,1.77,overcast clouds
311,Durant,US,33.994,-96.3708,100.72,28,0,11.5,clear sky
312,Kautokeino,NO,69.0125,23.0412,55.89,97,100,14.12,light rain
313,Takoradi,GH,4.8845,-1.7554,75.38,88,51,9.33,broken clouds
314,Puerto Gaitan,CO,4.3133,-72.0816,83.52,71,93,7.27,overcast clouds
315,Chernaya Kholunitsa,RU,58.8511,51.7154,63.18,96,100,4.61,overcast clouds
316,Little Current,CA,45.9793,-81.9248,74.41,60,62,3.04,broken clouds
317,Palauig,PH,15.435,119.9045,81.21,76,97,6.35,overcast clouds
318,Elverum,NO,60.8819,11.5623,48.7,62,99,4.99,overcast clouds
319,Benito Juarez,MX,19.385,-99.165,75.02,35,75,8.05,broken clouds
320,Bubaque,GW,11.2833,-15.8333,80.58,81,100,13.15,overcast clouds
321,Ciempozuelos,ES,40.1591,-3.621,97.99,13,2,17.11,clear sky
322,Vengerovo,RU,55.6848,76.7471,61.11,98,100,1.83,overcast clouds
323,Savannakhet,LA,16.566,104.751,75.52,95,100,4.74,moderate rain
324,Fortuna,US,40.5982,-124.1573,63.86,86,75,8.19,broken clouds
325,Jutai,BR,-5.1833,-68.9,80.6,89,66,2.71,light rain
326,Carauari,BR,-4.8828,-66.8958,86.85,61,48,3.29,scattered clouds
327,Hay River,CA,60.8156,-115.7999,64.38,68,99,8.05,overcast clouds
328,San Cristobal,VE,7.7669,-72.225,82.58,42,36,2.66,scattered clouds
329,Amapa,BR,1.0,-52.0,76.42,96,40,3.02,light rain
330,Prince George,CA,53.9166,-122.753,62.62,78,75,8.05,broken clouds
331,Pajan,EC,-1.5667,-80.4167,83.55,59,65,3.13,broken clouds
332,Coquimbo,CL,-29.9533,-71.3436,53.33,100,100,13.8,light rain
333,Kamennomostskoye,RU,43.7372,43.0514,60.35,87,67,4.52,broken clouds
334,Udachnyy,RU,66.4167,112.4,53.46,76,100,9.78,overcast clouds
335,Chinsali,ZM,-10.5414,32.0816,59.36,54,1,7.78,clear sky
336,Hudiksvall,SE,61.729,17.1036,50.25,91,100,13.62,light rain
337,Vaitape,PF,-16.5167,-151.75,77.83,63,100,23.58,overcast clouds
338,Dicabisagan,PH,17.0818,122.4157,78.8,89,93,4.29,overcast clouds
339,Carndonagh,IE,55.25,-7.2667,56.57,93,100,7.49,overcast clouds
340,Itaituba,BR,-4.2761,-55.9836,82.56,78,40,2.3,scattered clouds
341,Praia Da Vitoria,PT,38.7333,-27.0667,73.76,83,40,16.02,scattered clouds
342,Wagar,SD,16.1525,36.2032,82.24,62,95,19.69,overcast clouds
343,Port Moresby,PG,-9.4431,147.1797,72.82,83,40,11.5,scattered clouds
344,Monrovia,LR,6.3005,-10.7969,78.57,85,100,10.92,overcast clouds
345,Marsa Matruh,EG,31.3525,27.2453,77.2,65,0,9.22,clear sky
346,Viytivka,UA,48.426,29.5429,66.07,62,8,4.32,clear sky
347,Taltal,CL,-25.4,-70.4833,57.07,66,88,6.29,overcast clouds
348,Senges,BR,-24.1128,-49.4636,68.22,63,68,1.54,broken clouds
349,Xinzhou,CN,38.4092,112.7333,70.68,73,52,1.23,broken clouds
350,Logansport,US,40.7545,-86.3567,84.92,44,0,0.0,clear sky
351,Leiyang,CN,26.4024,112.8591,79.41,80,96,5.23,overcast clouds
352,Alihe,CN,50.5667,123.7167,62.08,95,44,3.56,scattered clouds
353,Sarakhs,IR,36.5449,61.1577,82.98,18,0,9.6,clear sky
354,Juneau,US,58.3019,-134.4197,64.4,80,75,10.36,broken clouds
355,Vao,NC,-22.6667,167.4833,71.17,55,40,23.8,scattered clouds
356,Veraval,IN,20.9,70.3667,79.16,95,100,15.5,moderate rain
357,Igatpuri,IN,19.7,73.55,71.71,99,100,13.47,moderate rain
358,Saint-Augustin,CA,51.226,-58.6502,70.07,43,74,7.99,broken clouds
359,Pisco,PE,-13.7,-76.2167,66.25,68,0,14.97,clear sky
360,Tahta,EG,26.7693,31.5021,85.69,22,0,16.22,clear sky
361,Leeston,NZ,-43.7667,172.3,41.16,88,49,7.02,scattered clouds
362,Ribeira Grande,PT,38.5167,-28.7,73.8,78,40,9.22,scattered clouds
363,Tabas,IR,33.5959,56.9244,85.28,18,0,9.6,clear sky
364,Karakol,KG,42.4907,78.3936,54.45,59,99,3.42,overcast clouds
365,Vila Franca Do Campo,PT,37.7167,-25.4333,70.21,92,92,7.52,overcast clouds
366,Luanda,AO,-8.8368,13.2343,69.8,88,20,6.91,few clouds
367,Muravlenko,RU,63.7898,74.523,55.6,73,63,1.86,broken clouds
368,Quatre Cocos,MU,-20.2078,57.7625,70.09,75,59,12.53,broken clouds
369,Irbit,RU,57.6705,63.071,67.95,86,22,5.14,few clouds
370,Ensley,US,30.5188,-87.2728,89.19,84,20,5.75,few clouds
371,Qaqortoq,GL,60.7167,-46.0333,51.4,65,100,5.17,overcast clouds
372,Port Blair,IN,11.6667,92.75,80.64,89,100,5.75,light rain
373,Coihaique,CL,-45.5752,-72.0662,35.55,69,100,3.44,overcast clouds
374,Muriti,TZ,-1.9833,32.9167,73.87,62,17,6.4,few clouds
375,Salalah,OM,17.0151,54.0924,77.83,94,98,7.2,overcast clouds
376,Jalu,LY,29.0331,21.5482,79.16,41,0,17.18,clear sky
377,Florianopolis,BR,-27.6146,-48.5012,65.35,99,100,4.61,mist
378,Itarema,BR,-2.9248,-39.9167,79.09,79,13,15.28,few clouds
379,Lompoc,US,34.6391,-120.4579,91.02,70,0,14.97,mist
380,Avera,US,33.194,-82.5271,87.39,65,100,5.44,light rain
381,Young,UY,-32.6833,-57.6333,59.13,98,100,7.49,overcast clouds
382,Montrose,US,38.4166,-108.2673,83.61,38,73,10.22,broken clouds
383,Pakxan,LA,18.3778,103.6601,76.06,95,99,2.15,overcast clouds
384,Keuruu,FI,62.2667,24.7,55.8,95,64,5.44,broken clouds
385,Tiruchchendur,IN,8.4833,78.1167,80.02,73,56,14.97,broken clouds
386,Norman Wells,CA,65.282,-126.8329,51.84,76,100,14.97,overcast clouds
387,Sao Francisco,BR,-15.9486,-44.8644,76.01,27,64,4.45,broken clouds
388,Moindou,NC,-21.6924,165.677,68.49,61,2,9.66,clear sky
389,Flin Flon,CA,54.7682,-101.865,78.64,25,20,16.11,few clouds
390,Dingle,PH,10.9995,122.6711,75.34,91,75,1.03,broken clouds
391,Northam,GB,51.0333,-4.2167,61.61,74,1,9.08,clear sky
392,Belyy Yar,RU,53.6039,91.3903,50.86,78,91,0.0,overcast clouds
393,Saeby,DK,57.3319,10.5225,55.96,66,13,23.58,few clouds
394,Souillac,MU,-20.5167,57.5167,68.38,88,75,11.5,broken clouds
395,Tura,IN,25.5198,90.2201,74.41,98,60,5.06,light rain
396,Fairbanks,US,64.8378,-147.7164,66.6,38,0,9.22,smoke
397,Goderich,CA,43.7501,-81.7165,70.92,64,0,10.36,clear sky
398,Codrington,AU,-38.2667,141.9667,42.85,98,44,9.73,scattered clouds
399,Xining,CN,36.6167,101.7667,62.24,90,100,3.74,overcast clouds
400,Maracaibo,VE,10.6317,-71.6406,89.08,50,21,13.82,few clouds
401,Puerto Leguizamo,CO,-0.1934,-74.7819,80.91,80,60,2.37,broken clouds
402,Oudtshoorn,ZA,-33.5907,22.2014,46.76,91,31,2.08,scattered clouds
403,Le Mars,US,42.7942,-96.1656,93.85,43,0,23.02,clear sky
404,La Ronge,CA,55.1001,-105.2842,77.25,25,75,14.97,broken clouds
405,Silver City,US,32.7701,-108.2803,89.91,24,75,13.8,broken clouds
406,Shuyskoye,RU,59.3736,41.0305,58.15,87,42,2.75,scattered clouds
407,Joensuu,FI,62.6012,29.7632,63.09,82,40,8.05,scattered clouds
408,Kampot,KH,10.6167,104.1833,80.65,86,100,7.54,overcast clouds
409,San Patricio,US,28.017,-97.5169,98.19,39,25,16.24,scattered clouds
410,Lebanon,US,36.2081,-86.2911,93.16,47,0,6.91,clear sky
411,Partizanskoye,RU,55.5006,94.39,45.75,87,10,3.71,clear sky
412,Pabrade,LT,55.0,25.7833,55.26,93,98,6.38,overcast clouds
413,Nguruka,TZ,-5.1092,31.0419,66.6,42,1,4.23,clear sky
414,Kedrovyy,RU,56.1667,91.8167,39.61,93,64,3.27,broken clouds
415,Dunedin,NZ,-45.8742,170.5036,43.81,78,100,13.0,overcast clouds
416,Katsuura,JP,35.1333,140.3,75.52,93,78,5.55,broken clouds
417,Kamloops,CA,50.6665,-120.3192,81.59,34,75,6.91,broken clouds
418,Simbahan,PH,6.3032,120.5836,81.18,79,88,9.57,overcast clouds
419,Presidente Epitacio,BR,-21.7633,-52.1156,80.04,23,64,7.63,broken clouds
420,Nioro,GM,13.35,-15.75,82.72,75,100,10.98,light rain
421,Mazara Del Vallo,IT,37.6641,12.588,76.95,54,0,9.89,clear sky
422,San Francisco,US,37.7749,-122.4194,89.46,74,20,20.71,few clouds
423,Wageningen,NL,51.9667,5.6667,62.98,72,75,9.22,broken clouds
424,Ahipara,NZ,-35.1667,173.1667,55.76,83,100,7.14,overcast clouds
425,Daru,PG,-9.0763,143.2092,75.34,78,99,17.31,overcast clouds
426,Muriwai Beach,NZ,-36.8167,174.45,53.42,97,100,7.31,overcast clouds
427,La Sarre,CA,48.8002,-79.1996,69.93,43,1,5.7,clear sky
428,Jatiroto,ID,-7.8833,111.1167,72.18,94,33,2.15,scattered clouds
429,Ambilobe,MG,-13.2,49.05,69.24,77,82,3.49,broken clouds
430,Maceio,BR,-9.6658,-35.7353,78.24,69,40,10.36,scattered clouds
431,Cap-Aux-Meules,CA,47.3821,-61.8597,64.45,68,20,5.75,few clouds
432,Udgir,IN,18.3833,77.1167,71.44,89,100,20.2,overcast clouds
433,Poum,NC,-20.2333,164.0167,71.11,56,7,19.51,clear sky
434,Mbanza-Ngungu,CD,-5.25,14.8667,68.76,63,7,3.24,clear sky
435,Porto Novo,BJ,6.4965,2.6036,78.62,87,99,7.96,overcast clouds
436,Korla,CN,41.7597,86.1469,72.54,46,48,2.93,scattered clouds
437,Ratnagiri,IN,16.9833,73.3,79.75,86,100,19.35,overcast clouds
438,Klyuchi,RU,52.2667,79.1667,62.67,61,78,5.32,light rain
439,Tuensang,IN,26.2833,94.8333,70.54,98,13,3.96,few clouds
440,Macamic,CA,48.7502,-78.9996,69.67,45,0,7.29,clear sky
441,Buin,CL,-33.7333,-70.75,52.12,89,100,1.23,overcast clouds
442,La Ligua,CL,-32.4524,-71.2311,50.94,75,100,6.29,overcast clouds
443,Soria,ES,41.6667,-2.6667,75.11,34,4,7.05,clear sky
444,Calama,CL,-22.4667,-68.9333,59.49,14,0,29.93,clear sky
445,Tera,NE,14.0078,0.7531,95.65,33,5,3.24,light rain
446,Deputatskiy,RU,69.3,139.9,55.62,67,63,3.67,broken clouds
447,Muslyumovo,RU,55.3033,53.1947,68.79,84,100,14.63,overcast clouds
448,Bonthe,SL,7.5264,-12.505,76.14,90,100,6.46,moderate rain
449,Lieksa,FI,63.3167,30.0167,57.54,90,53,7.87,broken clouds
450,Tikrit,IQ,34.6071,43.6782,94.19,14,0,13.58,clear sky
451,Mahibadhoo,MV,3.7833,72.9667,83.17,75,6,15.08,clear sky
452,Teahupoo,PF,-17.8333,-149.2667,75.16,68,85,22.1,overcast clouds
453,Vestmanna,FO,62.1564,-7.1664,47.32,93,100,16.11,light rain
454,Monopoli,IT,40.9559,17.2896,78.71,59,2,2.93,clear sky
455,Pontianak,ID,-0.0333,109.3333,76.98,94,100,1.14,overcast clouds
456,Bantry,IE,51.6833,-9.45,59.79,86,13,4.81,few clouds
457,Chebsara,RU,59.2002,38.8356,58.33,80,91,4.29,overcast clouds
458,Atherton,GB,53.5237,-2.4935,61.29,76,42,1.99,scattered clouds
459,Koutsouras,GR,35.0339,25.9469,78.12,51,0,10.2,clear sky
460,Pringsewu,ID,-5.3582,104.9744,73.44,98,55,0.63,broken clouds
461,Soe,ID,-9.8607,124.284,60.53,91,46,4.81,scattered clouds
462,Anadyr,RU,64.75,177.4833,57.7,71,40,6.71,scattered clouds
463,Laguna,US,38.421,-121.4238,99.75,35,0,5.75,clear sky
464,Yar-Sale,RU,66.8333,70.8333,57.07,64,100,8.34,overcast clouds
465,Bouna,CI,9.2667,-3.0,75.07,81,100,4.99,overcast clouds
466,Gedo,ET,9.0167,37.45,52.2,98,100,1.77,moderate rain
467,Moerai,PF,-22.4333,-151.3333,71.47,64,39,24.02,scattered clouds
468,Ancud,CL,-41.8697,-73.8203,43.29,77,33,7.25,scattered clouds
469,Waingapu,ID,-9.6567,120.2641,72.95,85,42,8.93,scattered clouds
470,Henties Bay,NA,-22.116,14.2845,58.33,73,0,7.38,clear sky
471,Korcula,HR,42.9622,17.1369,75.99,69,24,2.89,few clouds
472,Angoche,MZ,-16.2325,39.9086,72.77,65,15,8.93,few clouds
473,Rosarito,MX,32.3333,-117.0333,82.63,70,17,9.53,few clouds
474,Shar,KZ,49.5886,81.0453,61.43,49,4,6.35,clear sky
475,Abu Samrah,SY,35.3029,37.1841,77.25,48,0,11.21,clear sky
476,Synya,RU,65.3718,58.0387,66.69,83,74,4.99,broken clouds
477,Eureka,US,40.8021,-124.1637,76.68,77,66,4.0,broken clouds
478,Edd,ER,13.9297,41.6925,91.17,59,99,3.71,overcast clouds
479,Kamina,CD,-8.7386,24.9906,69.37,41,95,4.72,overcast clouds
480,Villanueva,HN,15.3167,-88.0,91.04,66,75,11.5,thunderstorm
481,Erenhot,CN,43.6475,111.9767,75.07,27,99,4.94,overcast clouds
482,Sorochinsk,RU,52.4338,53.1583,76.57,51,100,7.05,overcast clouds
483,Kloulklubed,PW,7.0419,134.2556,73.9,75,88,6.08,overcast clouds
484,Zonguldak,TR,41.25,31.8333,55.99,90,0,3.71,clear sky
485,Maryville,US,35.7565,-83.9705,91.18,49,40,3.44,scattered clouds
486,Tshikapa,CD,-6.4167,20.8,76.68,31,4,2.68,clear sky
487,Gwanda,ZW,-20.9333,29.0,58.5,37,0,4.07,clear sky
488,Coolum Beach,AU,-26.5333,153.1,54.1,78,32,11.01,scattered clouds
489,Gamba,GA,-2.65,10.0,69.58,93,2,5.64,clear sky
490,Catuday,PH,16.2923,119.8062,79.79,82,100,10.42,overcast clouds
491,Kaeo,NZ,-35.1,173.7833,52.32,97,100,3.78,overcast clouds
492,Machinga,MW,-15.1685,35.3,64.83,63,79,4.45,broken clouds
493,Surt,LY,31.2089,16.5887,78.57,61,0,12.21,clear sky
494,Sa Kaeo,TH,13.75,102.3333,74.14,95,69,4.76,broken clouds
495,Cidreira,BR,-30.1811,-50.2056,60.46,97,100,14.67,moderate rain
496,Loralai,PK,30.3705,68.598,74.75,66,95,3.8,overcast clouds
497,Kemijarvi,FI,66.7131,27.4306,56.79,91,100,5.55,overcast clouds
498,Grand Gaube,MU,-20.0064,57.6608,69.39,74,20,4.0,few clouds
499,Sydney,AU,-33.8679,151.2073,46.71,80,20,10.36,few clouds
500,Ardmore,US,34.1743,-97.1436,100.18,32,0,5.75,clear sky
501,Rushden,GB,52.2914,-0.5992,64.38,59,73,1.99,broken clouds
502,Qunduz,AF,36.729,68.857,83.59,17,0,4.81,clear sky
503,Finschhafen,PG,-6.6024,147.8681,77.95,84,99,5.99,heavy intensity rain
504,Shaunavon,CA,49.6501,-108.4181,80.38,36,0,4.14,clear sky
505,Adoni,IN,15.6333,77.2833,74.73,78,100,21.14,overcast clouds
506,Cuyo,PH,10.8525,121.0086,82.8,72,27,2.51,scattered clouds
507,Ixtapa,MX,20.7,-105.2,88.23,74,40,12.66,scattered clouds
508,Rach Gia,VN,10.0167,105.0833,80.47,81,100,12.3,overcast clouds
509,Mahajanga,MG,-15.7167,46.3167,68.02,88,0,3.44,clear sky
510,Sault Sainte Marie,CA,46.5168,-84.3333,73.96,41,0,10.36,clear sky
511,Rawah,IQ,34.4816,41.9093,90.79,20,0,13.62,clear sky
512,Yulara,AU,-25.2406,130.9889,41.92,48,0,7.76,clear sky
513,Suntar,RU,62.1444,117.6319,63.77,89,27,3.38,scattered clouds
514,Aykhal,RU,66.0,111.5,51.42,81,100,3.96,light rain
515,Pitelino,RU,54.5777,41.8145,58.53,97,100,8.66,light rain
516,Inuvik,CA,68.3499,-133.7218,45.36,75,100,11.5,overcast clouds
517,Khasan,RU,42.4308,130.6434,64.83,97,100,6.71,overcast clouds
518,Tome,CL,-36.6167,-72.95,39.81,89,100,10.47,overcast clouds
519,Kuytun,RU,54.3419,101.5036,48.94,84,83,4.63,broken clouds
520,Kosh-Agach,RU,50.0,88.6667,36.77,84,5,3.22,clear sky
521,Birao,CF,10.2849,22.7882,73.99,75,76,3.91,broken clouds
522,Atar,MR,20.5169,-13.0499,96.57,27,98,2.17,overcast clouds
523,Okhotsk,RU,59.3833,143.3,61.48,90,87,3.0,overcast clouds
524,Coromandel,BR,-18.4733,-47.2003,68.22,44,13,4.61,few clouds
525,Ossora,RU,59.2353,163.0719,66.94,74,60,3.0,broken clouds
526,Sept-Iles,CA,50.2001,-66.3821,65.05,63,96,5.01,overcast clouds
527,Awjilah,LY,29.1081,21.2869,78.49,44,0,18.32,clear sky
528,Alta Floresta,BR,-9.8756,-56.0861,90.23,26,0,2.13,clear sky
529,Alofi,NU,-19.0595,-169.9187,80.49,69,75,14.97,broken clouds
530,Ahuimanu,US,21.4447,-157.8378,83.91,78,75,13.8,light rain
531,Zavodskoy,RU,43.4597,132.2922,65.79,93,75,6.71,light intensity shower rain
532,Kirensk,RU,57.7853,108.1119,53.51,95,100,2.68,light rain
533,Tecoanapa,MX,16.5167,-98.75,85.68,64,96,9.57,overcast clouds
534,Margate,GB,51.3813,1.3862,63.3,76,74,1.99,broken clouds
535,Singaraja,ID,-8.112,115.0882,77.22,84,38,3.31,scattered clouds
536,Bereda,ES,43.2686,-7.5406,72.57,96,100,5.55,moderate rain
537,Aleksandrovka,UA,46.8383,32.7612,68.49,64,7,2.37,clear sky
538,Aitape,PG,-3.1374,142.3475,76.39,90,100,3.58,overcast clouds
539,Dhuwaran,IN,22.2333,72.8,80.85,88,100,13.13,moderate rain
540,Vila Velha,BR,-20.3297,-40.2925,69.75,96,75,2.3,broken clouds
541,Carbonia,IT,39.1672,8.5222,79.02,81,2,2.15,clear sky
542,Regina,CA,50.4501,-104.6178,82.38,47,20,9.22,few clouds
543,Bathsheba,BB,13.2167,-59.5167,86.61,88,40,19.57,scattered clouds
544,Sao Felix Do Xingu,BR,-6.6447,-51.995,86.52,41,38,2.8,scattered clouds
545,Storslett,NO,69.7678,21.0247,53.6,94,100,9.22,light rain
546,Tall Kayf,TR,37.0833,41.0667,83.59,20,0,9.22,clear sky
547,Pyapon,MM,16.2833,95.6833,76.03,94,100,4.76,light rain
548,Merauke,ID,-8.4667,140.3333,74.05,80,100,14.34,overcast clouds
549,Antofagasta,CL,-23.65,-70.4,58.28,73,51,5.82,broken clouds
550,San Juan,AR,-31.5375,-68.5364,52.99,36,71,17.85,broken clouds
551,Tokur,RU,53.1333,132.9,57.24,95,41,2.98,scattered clouds
552,Bira,RU,49.0,132.4667,67.6,98,100,3.31,overcast clouds
553,Riberalta,BO,-10.9833,-66.1,89.8,62,75,9.22,broken clouds
554,Hobyo,SO,5.3505,48.5268,77.63,82,100,24.47,overcast clouds
555,Hasaki,JP,35.7333,140.8333,73.8,90,100,8.32,overcast clouds
556,Anju,KP,39.6178,125.6647,68.18,96,78,2.51,broken clouds
557,Kupang,ID,-10.1667,123.5833,72.16,79,13,10.83,few clouds
558,Fengzhen,CN,40.4394,113.1536,66.6,44,74,4.9,broken clouds
559,Severo-Kurilsk,RU,50.6789,156.125,54.3,94,82,10.36,broken clouds
560,Portland,US,45.5234,-122.6762,84.56,44,20,10.36,few clouds
561,Bad Liebenwerda,DE,51.5167,13.4,66.27,51,29,8.97,scattered clouds
562,Elban,RU,50.1018,136.5094,67.42,96,43,6.29,scattered clouds
563,Shimoni,KE,-4.6476,39.3817,75.02,82,39,16.73,light rain
564,Getulio Vargas,UY,-32.6796,-53.5494,60.6,95,100,8.3,moderate rain
565,Arlit,NE,18.7369,7.3853,95.83,11,11,8.97,few clouds
566,Khromtau,KZ,50.2503,58.4347,80.89,32,98,5.66,overcast clouds
567,Kristiansund,NO,63.1115,7.732,52.45,71,75,19.57,broken clouds
568,Malmesbury,ZA,-33.4608,18.7271,47.77,92,0,4.0,clear sky
569,Ipora,BR,-16.4419,-51.1178,79.05,30,72,4.09,broken clouds
570,Walvis Bay,NA,-22.9575,14.5053,56.08,53,0,6.73,clear sky
571,Nouadhibou,MR,20.931,-17.0347,69.78,88,30,14.97,scattered clouds
572,Marystown,CA,47.1666,-55.1483,65.1,65,100,6.06,overcast clouds
573,Paita,PE,-5.0892,-81.1144,68.67,68,10,19.33,clear sky
574,Harper,LR,4.375,-7.7169,75.2,81,83,8.81,broken clouds
575,Great Yarmouth,GB,52.6083,1.7305,61.02,68,55,6.69,broken clouds
576,Vestmannaeyjar,IS,63.4427,-20.2734,51.17,76,21,9.26,few clouds
577,Okakarara,NA,-20.5833,17.4333,53.69,33,0,7.45,clear sky
578,Innisfail,AU,-17.5333,146.0333,53.24,71,26,6.55,scattered clouds
579,Caravelas,BR,-17.7125,-39.2481,71.33,83,6,5.44,clear sky
580,Skibbereen,IE,51.55,-9.2667,60.12,88,4,5.39,clear sky
581,Kaffrine,SN,14.1059,-15.5508,88.48,58,100,11.79,overcast clouds
582,Koumac,NC,-20.5667,164.2833,69.51,57,6,12.28,clear sky
583,Shenjiamen,CN,29.9576,122.298,77.36,93,100,11.83,overcast clouds
584,San Jose,US,37.3394,-121.895,90.91,45,20,10.36,few clouds
585,Omboue,GA,-1.5746,9.2618,71.24,89,0,5.79,clear sky
586,Kure,JP,34.2333,132.5667,77.72,94,99,6.08,overcast clouds
587,Ugoofaaru,MV,5.6667,73.0,82.83,78,79,17.92,broken clouds
588,Sinnamary,GF,5.3833,-52.95,79.81,86,49,8.05,scattered clouds
589,Banyo,CM,6.75,11.8167,65.39,96,99,2.89,light rain
590,Kulhudhuffushi,MV,6.6221,73.07,82.02,80,88,17.83,light rain
591,San Joaquin,US,37.9333,-121.3011,96.55,36,0,9.22,clear sky
592,Mecca,SA,21.4267,39.8261,90.39,30,98,4.59,overcast clouds
593,Kokstad,ZA,-30.5472,29.4241,41.86,80,8,1.88,clear sky
594,Macau,MO,22.2006,113.5461,84.85,89,20,5.75,few clouds
595,Igarka,RU,67.4667,86.5833,49.33,65,67,4.16,broken clouds
596,Kismayo,SO,-0.3582,42.5454,75.81,87,65,18.84,light rain
597,Porto Seguro,BR,-16.4497,-39.0647,73.92,83,40,4.61,scattered clouds
598,Barra Da Estiva,BR,-13.6261,-41.3269,66.31,66,83,6.42,broken clouds
599,Daule,EC,-1.865,-79.9792,82.4,43,66,0.22,broken clouds
600,Yarada,IN,17.65,83.2667,82.72,69,75,5.75,broken clouds
601,Katangli,RU,51.7102,143.2326,53.82,95,100,7.7,overcast clouds
602,Rongcheng,CN,30.634,117.8517,81.7,77,100,3.83,overcast clouds
603,Bidor,MY,4.1139,101.2884,73.45,78,99,3.18,overcast clouds
604,Zhigansk,RU,66.7697,123.3711,53.64,88,99,16.78,overcast clouds
605,Pangnirtung,CA,66.1451,-65.7125,50.0,76,20,5.75,few clouds
606,Sao Francisco De Paula,BR,-29.4481,-50.5836,56.68,97,100,5.79,overcast clouds
607,Necochea,AR,-38.5473,-58.7368,50.79,89,100,15.03,moderate rain
608,Marche-En-Famenne,BE,50.2,5.3333,63.5,61,58,10.07,broken clouds
609,Bilma,NE,18.6853,12.9164,93.49,18,9,7.61,clear sky
610,Chadan,RU,51.2833,91.5833,45.27,86,11,2.15,few clouds
611,Puerto Escondido,MX,15.85,-97.0667,81.43,65,100,3.44,overcast clouds
612,Dongying,CN,37.4564,118.4856,78.06,70,24,1.92,few clouds
613,Tinskoy,RU,56.1525,96.9161,48.85,82,100,1.95,overcast clouds
614,Ruteng,ID,-8.6136,120.4721,58.35,90,10,1.54,clear sky
615,Golden,US,39.7555,-105.2211,98.98,23,75,9.22,broken clouds
616,Mweka,CD,-4.85,21.5667,77.23,38,80,2.3,broken clouds
617,Samarinda,ID,-0.5,117.15,72.07,95,100,1.68,overcast clouds
618,Tottori,JP,35.5,134.2333,74.71,95,97,5.55,overcast clouds
619,Ocean Springs,US,30.4113,-88.8278,91.71,66,20,11.5,few clouds
620,Gao,ML,16.6362,1.637,94.03,33,35,7.9,light rain
621,Tortoli,IT,39.9256,9.6572,76.39,64,4,3.94,clear sky
622,Bangassou,CF,4.7413,22.8184,68.47,99,99,2.46,overcast clouds
623,Shetpe,KZ,44.1667,52.1167,86.68,31,83,4.38,broken clouds
624,Babanka,UA,48.7097,30.4483,64.96,64,0,3.24,clear sky
625,Vagur,FO,61.4732,-6.8119,50.4,85,99,15.82,light rain
626,Redcar,GB,54.6166,-1.06,61.14,26,64,10.65,broken clouds
627,Soyo,AO,-6.1349,12.3689,70.45,89,11,7.38,few clouds
628,Picota,PE,-6.9197,-76.3304,88.29,46,50,1.3,scattered clouds
629,Luwingu,ZM,-10.2621,29.9271,59.59,53,57,3.29,broken clouds
630,Sannicandro Di Bari,IT,41.0015,16.7962,74.17,75,0,4.61,clear sky
631,Semey,KZ,50.4111,80.2275,62.94,53,2,7.81,clear sky
632,Yumen,CN,40.2833,97.2,63.01,79,100,12.15,overcast clouds
633,Middle Island,US,40.8843,-72.9373,85.64,73,40,9.22,scattered clouds
634,Santa Fe,AR,-31.6333,-60.7,68.02,61,19,5.01,few clouds
635,Chunskiy,RU,56.0815,99.6342,48.16,86,100,1.77,overcast clouds
636,Aktash,RU,50.3,87.7333,30.88,89,11,3.18,few clouds
637,Sur,OM,22.5667,59.5289,89.89,60,83,4.94,broken clouds
638,Muswellbrook,AU,-32.2667,150.9,35.33,95,0,2.66,clear sky
639,Pemangkat,ID,1.1667,108.9667,77.25,83,100,3.51,overcast clouds
640,Malakal,SS,9.5334,31.6605,70.57,98,100,5.93,heavy intensity rain
641,Komsomolskiy,UZ,40.4272,71.7189,74.12,49,0,6.91,clear sky
642,Rafaela,AR,-31.2503,-61.4867,66.97,43,13,1.99,few clouds
643,The Valley,AI,18.217,-63.0578,83.1,81,30,22.48,scattered clouds
644,Tazmalt,DZ,36.3868,4.3989,76.48,51,0,6.24,clear sky
645,Vila,PT,42.0304,-8.1588,74.28,54,89,5.26,overcast clouds
646,Nadvoitsy,RU,63.8667,34.3167,56.12,94,59,7.67,broken clouds
647,Cartagena,CO,10.3997,-75.5144,87.42,70,40,5.75,scattered clouds
648,Palmer,US,42.1584,-72.3287,84.54,54,40,9.22,scattered clouds
649,Zhangye,CN,38.9342,100.4517,66.69,75,100,1.54,overcast clouds
650,Kinlochleven,GB,56.7115,-4.9661,56.28,93,100,4.63,overcast clouds
651,Troitskoye,RU,52.9821,84.6757,52.43,66,98,5.59,overcast clouds
652,Lamu,KE,-2.2717,40.902,73.62,87,89,18.57,light rain
653,Arman,RU,59.7,150.1667,71.02,69,92,2.15,overcast clouds
654,Skjervoy,NO,70.0311,20.9714,53.6,96,100,8.52,light rain
655,Onega,RU,63.9061,38.1404,58.77,80,25,5.61,scattered clouds
656,Strelka,RU,58.0728,93.0344,47.77,86,98,2.17,overcast clouds
657,Invermere,CA,50.5167,-116.0354,86.36,17,49,1.72,scattered clouds
658,Pavino,RU,59.1139,46.1414,58.37,97,52,5.21,broken clouds
659,Kushiro,JP,42.975,144.3747,61.61,94,100,8.81,overcast clouds
660,Sabla,NG,12.7525,4.7077,88.5,49,72,7.2,light rain
661,Mazagao,BR,-0.115,-51.2894,84.25,86,81,4.21,broken clouds
662,Wehr,DE,47.6298,7.9042,75.88,58,0,3.09,clear sky
663,Auch,FR,43.65,0.5833,84.88,59,6,1.01,clear sky
664,Oktyabrskiy,RU,54.4815,53.471,68.52,78,96,3.42,light rain
665,Kawalu,ID,-7.3817,108.2082,72.79,98,100,1.1,overcast clouds
666,Neuquen,AR,-38.9516,-68.0591,39.09,93,75,4.61,drizzle
667,Caceres,ES,39.522,-6.3748,94.37,14,32,7.76,scattered clouds
668,Benguela,AO,-12.5763,13.4055,67.68,88,7,4.61,clear sky
669,Nantucket,US,41.2835,-70.0995,80.71,86,100,9.22,mist
670,Kizukuri,JP,40.8061,140.3861,71.94,80,100,6.98,overcast clouds
671,Trapani,IT,37.8333,12.6667,74.28,69,0,4.61,clear sky
672,Poya,NC,-21.35,165.15,67.44,64,10,7.11,clear sky
673,Hami,CN,42.8,93.45,75.67,22,5,9.93,clear sky
674,Santa Marta,CO,11.2408,-74.199,83.88,73,26,15.75,scattered clouds
675,Ati,TD,13.2154,18.3353,81.37,60,100,3.74,light rain
676,Canon City,US,38.441,-105.2424,98.17,19,0,8.01,clear sky
677,Sabha,LY,27.0377,14.4283,83.1,23,0,14.54,clear sky
678,Batticaloa,LK,7.7102,81.6924,80.76,62,94,7.47,overcast clouds
679,Montalvo,EC,-1.8,-79.3333,87.71,55,73,1.32,light rain
680,Mikhaylovskoye,RU,51.8239,79.7172,59.36,52,26,8.01,scattered clouds
681,Lata,PT,40.1629,-8.3327,77.07,44,97,3.22,overcast clouds
682,Tari,NG,12.4086,4.4914,87.33,52,81,5.06,light rain
683,Weymouth,US,42.2209,-70.9398,87.67,66,40,12.66,scattered clouds
